Metric,Precision,Recall,F-Score,True Positives,False Positives,False Negatives
Class 1,0.3918714724296625,0.6006491228070174,0.47391380569006214,45.4,70.6,30.2
Class 2,0.6052661270231801,0.5159399224806202,0.556036292517734,66.4,43.6,62.3
Class 3,0.4483915041944579,0.3461513157894737,0.3897159590968372,33.1,40.8,62.5
Macro Average,0.5280568740075783,0.5300164473684211,0.516612629662954,-,-,-
Micro Average,0.5233333333333333,0.5233333333333333,0.5233333333333333,-,-,-
