Metric,Precision,Recall,F-Score,True Positives,False Positives,False Negatives
Class 1,0.4112109071104643,0.5238421052631579,0.4601291862623632,39.6,56.7,36.0
Class 2,0.6097303885048819,0.5275859980620156,0.5651813035076898,67.9,43.6,60.8
Class 3,0.4256445909821275,0.40896929824561407,0.41683716692744693,39.1,53.0,56.5
Macro Average,0.5012063888894526,0.5044316520467836,0.4993372253352222,-,-,-
Micro Average,0.51,0.51,0.51,-,-,-
