Metric,Precision,Recall,F-Score,True Positives,False Positives,False Negatives
Class 1,0.4438096308577507,0.5345438596491229,0.4836142272331216,40.4,51.1,35.2
Class 2,0.5752579041161088,0.6426296027131783,0.6058055087508123,82.7,61.4,46.0
Class 3,0.4545283875541098,0.304265350877193,0.3630300366631619,29.1,35.2,66.5
Macro Average,0.4911986408426564,0.49381293774649804,0.4841499242156987,-,-,-
Micro Average,0.5075072463768115,0.5075072463768115,0.5075072463768115,-,-,-
