Metric,Precision,Recall,F-Score,True Positives,False Positives,False Negatives
Class 1,0.4259181177018654,0.5066315789473684,0.46241507904142976,38.3,51.6,37.3
Class 2,0.5427289553776555,0.6061349321705427,0.572205850037954,78.0,65.8,50.7
Class 3,0.41302103585141736,0.28330043859649123,0.33443867318546844,27.1,39.1,68.5
Macro Average,0.46055603631031283,0.4653556499048008,0.4563532007549507,-,-,-
Micro Average,0.4781627647714604,0.4781627647714604,0.4781627647714604,-,-,-
