Metric,Precision,Recall,F-Score,True Positives,False Positives,False Negatives
Class 1,0.4116752869382806,0.5197543859649123,0.4591331892661277,39.3,56.3,36.3
Class 2,0.6079075884804405,0.5081637596899224,0.5530841056880226,65.4,42.2,63.3
Class 3,0.3997942258832446,0.40268640350877194,0.40068753749206226,38.5,58.2,57.1
Macro Average,0.49838086749851457,0.5018731725146198,0.4953860879965078,-,-,-
Micro Average,0.5033333333333333,0.5033333333333333,0.5033333333333333,-,-,-
