Metric,Precision,Recall,F-Score,True Positives,False Positives,False Negatives
Class 1,0.4523306295582801,0.5438245614035088,0.492939464671709,41.1,50.0,34.5
Class 2,0.5753222417373268,0.6495821220930232,0.609590503857056,83.6,61.9,45.1
Class 3,0.46896135138306905,0.31063596491228074,0.3729310796520169,29.7,33.6,65.9
Macro Average,0.49887140755955867,0.5013475494696042,0.4918203493935939,-,-,-
Micro Average,0.5148316610925306,0.5148316610925306,0.5148316610925306,-,-,-
